"baseMean"	"log2FoldChange"	"stat"	"pvalue"	"padj"
"ENSG00000106804"	906.750407880365	-5.19050668561613	5.3105066969894	1.09320867004849e-07	0.00206124494737643
