"baseMean"	"log2FoldChange"	"lfcSE"	"stat"	"pvalue"	"padj"
"ENSG00000106804"	906.750407880365	1.35278256583064	0.254737004022149	5.3105066969894	1.09320867004849e-07	0.00206124494737643
